"Status","Start Time","Stop Time","Duration in ms","Parent Suite","Suite","Sub Suite","Test Class","Test Method","Name","Description"
"failed","Wed Oct 07 21:27:57 UTC 2026","Wed Oct 07 21:28:02 UTC 2026","4892","Phoenix API Test Suite","Inwarranty Flow Test","com.api.tests.CreateJobApiWithDBValidationTest","com.api.tests.CreateJobApiWithDBValidationTest","createJobApiTest","Verify if create job api ia able to create inwarrenty job",""
"passed","Wed Oct 07 21:27:47 UTC 2026","Wed Oct 07 21:27:48 UTC 2026","574","Phoenix API Test Suite","Inwarranty Flow Test","com.api.tests.CreateJobApiTest","com.api.tests.CreateJobApiTest","createJobApiTest","Verify if create job api ia able to create inwarrenty job","Verify if the FD is able to use create job API and Inwarranty job is created"
"passed","Wed Oct 07 21:27:40 UTC 2026","Wed Oct 07 21:27:44 UTC 2026","3642","Phoenix API Test Suite","Inwarranty Flow Test","com.api.tests.LoginAPITest","com.api.tests.LoginAPITest","loginAPITest","verifying if login api is working for FD user","Verify if FD user is able to login via api"
"passed","Wed Oct 07 21:27:47 UTC 2026","Wed Oct 07 21:27:47 UTC 2026","730","Phoenix API Test Suite","Inwarranty Flow Test","com.api.tests.MasterAPIRequestTest","com.api.tests.MasterAPIRequestTest","masterApiRequest","Verify if the master API is giving correct response","Verify if the master API response is shown correctly"
"passed","Wed Oct 07 21:27:46 UTC 2026","Wed Oct 07 21:27:46 UTC 2026","543","Phoenix API Test Suite","Inwarranty Flow Test","com.api.tests.CountAPIRequestTest","com.api.tests.CountAPIRequestTest","invalidHeaderTest","Verify if the count API is giving correct status code for invalid token",""
"passed","Wed Oct 07 21:27:46 UTC 2026","Wed Oct 07 21:27:47 UTC 2026","418","Phoenix API Test Suite","Inwarranty Flow Test","com.api.tests.MasterAPIRequestTest","com.api.tests.MasterAPIRequestTest","invalidTokenMasterApi","Verify if the master API is giving correct status code for invalid token",""
"passed","Wed Oct 07 21:27:48 UTC 2026","Wed Oct 07 21:27:50 UTC 2026","2134","Phoenix API Test Suite","Inwarranty Flow Test","com.api.tests.DetailsAPITest","com.api.tests.DetailsAPITest","detailAPITest","Verify if the details API is working properly","Verify if the details API is working properly"
"passed","Wed Oct 07 21:27:45 UTC 2026","Wed Oct 07 21:27:46 UTC 2026","546","Phoenix API Test Suite","Inwarranty Flow Test","com.api.tests.CountAPIRequestTest","com.api.tests.CountAPIRequestTest","countAPITest","Verify if the count API is giving correct response","Verify if the count API is working properly"
"passed","Wed Oct 07 21:27:44 UTC 2026","Wed Oct 07 21:27:45 UTC 2026","988","Phoenix API Test Suite","Inwarranty Flow Test","com.api.tests.UserDetailsFDTest","com.api.tests.UserDetailsFDTest","userDetailsAPI","Verify if the user details API response is shown correctly","Verify if the UserDetails API response is shown correctly"
"failed","Wed Oct 07 21:27:50 UTC 2026","Wed Oct 07 21:27:57 UTC 2026","6629","Phoenix API Test Suite","Inwarranty Flow Test","com.api.tests.CreateJobApiWithDBValidationWithResponseModelTest","com.api.tests.CreateJobApiWithDBValidationWithResponseModelTest","createJobApiTest","Verify if create job api ia able to create inwarrenty job",""
